[{"chain":"A","homologs":["2j0k_B","2j0k_A","2j0j_A","2al6_B","2al6_A","4cye_B","4cye_A","6cb0_B","6cb0_A","3zdt_B","3zdt_A","2j0m_A","2aeh_B","2aeh_A","4ny0_D","4ny0_C","4ny0_B","4ny0_A","6gcx_A","6gcw_B","6gcw_A","6gcr_A","4d4v_B","4d4v_A","4d4r_B","4d4r_A","4d4s_B","4d4s_A","4brx_A","4d58_B","4d58_A","2jkk_A","2jko_A","4c7t_A","4d55_A","4d4y_B","4d4y_A","4d5k_B","4d5k_A","4d5h_B","4d5h_A","2j0l_A","2jkm_A","4k9y_A","4kab_B","4kab_A","4k8a_B","4k8a_A","4gu9_B","4gu9_A","2jkq_A","2j0m_B","6i8z_A","3pxk_B","3pxk_A","4kao_B","4kao_A","4gu6_B","4gu6_A","4q9s_A","4i4f_A","4i4e_A","4ebv_A","4ebw_A","3bz3_A"],"num_homol":65},{"chain":"B","homologs":["2j0k_B","2j0k_A","2j0j_A","2al6_B","2al6_A","4cye_B","4cye_A","6cb0_B","6cb0_A","3zdt_B","3zdt_A","2j0m_A","2aeh_B","2aeh_A","4ny0_D","4ny0_C","4ny0_B","4ny0_A","6gcx_A","6gcw_B","6gcw_A","6gcr_A","4d4v_B","4d4v_A","4d4r_B","4d4r_A","4d4s_B","4d4s_A","4brx_A","4d58_B","4d58_A","2jkk_A","2jko_A","4c7t_A","4d55_A","4d4y_B","4d4y_A","4d5k_B","4d5k_A","4d5h_B","4d5h_A","2j0l_A","2jkm_A","4k9y_A","4kab_B","4kab_A","4k8a_B","4k8a_A","4gu9_B","4gu9_A","2jkq_A","2j0m_B","6i8z_A","3pxk_B","3pxk_A","4kao_B","4kao_A","4gu6_B","4gu6_A","4q9s_A","4i4f_A","4i4e_A","4ebv_A","4ebw_A","3bz3_A"],"num_homol":65}]
