{
    "AAXIS": 63.022,
    "ALPHA": 90.0,
    "BAVER": 82.17,
    "BAXIS": 106.209,
    "BBEST": "1.50",
    "BETA": 90.0,
    "BLTBEST": ".002",
    "BREFTYPE": "ISOT",
    "BWILS": 82.86,
    "CAXIS": 240.881,
    "CCFFIN": 0.912,
    "CCFOLD": 0.865,
    "CCWFIN": 0.941,
    "CCWOLD": 0.903,
    "COMMENT": null,
    "COMPLETED": 97.3,
    "DATARESH": 3.0,
    "DATARESL": 38.48,
    "DOTLS": true,
    "DYEAR": 2006,
    "EXPTYP": "X-ray",
    "FALSETWIN": false,
    "FARMSZ": 1.007,
    "FBCONF": -0.934,
    "FBRMSZ": 0.689,
    "FBUMPS": 128,
    "FCHI12": -5.44,
    "FGFOLD": null,
    "FHBSAT": 0.854,
    "FHBUNS": 111,
    "FHRMSZ": 1.82,
    "FWBMPS": 0.039,
    "FZPAK1": -0.884,
    "FZPAK2": -0.714,
    "FZRAMA": -3.493,
    "GAMMA": 90.0,
    "HBFLIP": 22,
    "IONPROBE": 0.9,
    "ISTWIN": false,
    "LEGACY": false,
    "NARMSZ": 0.996,
    "NBBFLIP": 21,
    "NBCONF": -0.848,
    "NBRMSZ": 0.691,
    "NBUMPS": 49,
    "NCHI12": -5.223,
    "NCHIRFX": 0,
    "NDROTA": 257,
    "NGFOLD": null,
    "NHBSAT": 0.868,
    "NHBUNS": 91,
    "NHRMSZ": 8.02,
    "NLOOPS": 0,
    "NMETALREST2": 0,
    "NOPDB": false,
    "NOSF": false,
    "NREFCNT": 32386,
    "NSCBLT": 2,
    "NTLS": 2,
    "NTSTCNT": 1636,
    "NWATDEL": 13,
    "NWBMPS": 0.011,
    "NZPAK1": -0.798,
    "NZPAK2": -0.645,
    "NZRAMA": -3.684,
    "OARMSZ": 0.672,
    "OBCONF": -0.985,
    "OBRMSZ": 0.482,
    "OBUMPS": 129,
    "OCHI12": -7.034,
    "OGFOLD": null,
    "OHBSAT": 0.852,
    "OHBUNS": 103,
    "OHRMSZ": 9.25,
    "OPTTLSG": "REDO",
    "ORITLS": true,
    "OWBMPS": 0.041,
    "OZPAK1": -1.204,
    "OZPAK2": -1.339,
    "OZRAMA": -4.627,
    "PDBID": "2j0k",
    "PROG": "REFMAC",
    "RCAL": 0.261,
    "REFPATM": 3.1,
    "RESOLUTION": 3.0,
    "RESOTYPE": 2,
    "RFACT": 0.234,
    "RFCAL": 0.3245,
    "RFCALUNB": 0.3132,
    "RFCALZ": -1.41,
    "RFFIN": 0.2732,
    "RFFINUNB": 0.2652,
    "RFFINZ": -1.18,
    "RFIN": 0.221,
    "RFREE": 0.299,
    "RFRRAT": 1.2,
    "RFTLS": 0.2637,
    "RFTLSUNB": 0.2684,
    "RFTLSZ": 0.72,
    "RSCCB": 113,
    "RSCCW": 15,
    "RSHRINK": 0.9,
    "RSRB": 17,
    "RSRW": 0,
    "RTLS": 0.2237,
    "SIGRFCAL": 0.008,
    "SIGRFFIN": 0.0068,
    "SIGRFTLS": 0.0065,
    "SOLVD": 56.97,
    "SOLVENT": "SIMP",
    "SPACEGROUP": "P 21 21 21",
    "STFLIP": null,
    "TFCHI12": 12,
    "TFHBSAT": 15,
    "TFWBMPS": 23,
    "TFZPAK1": 20,
    "TFZPAK2": 64,
    "TFZRAMA": 12,
    "TIME": "2019-04-03",
    "TLSBEST": ".002",
    "TOCHI12": 4,
    "TOHBSAT": 14,
    "TOWBMPS": 22,
    "TOZPAK1": 11,
    "TOZPAK2": 39,
    "TOZRAMA": 6,
    "TSTCNT": 1636,
    "TSTPRC": 5.1,
    "URESO": 3.0,
    "USIGMA": true,
    "VDWPROBE": 1.0,
    "VERSION": 7.25,
    "WAVELENGTH": 0.9795,
    "ZCALERR": false,
    "ZCCF": 6.47,
    "ZCCW": 32.05
}