{
    "AAXIS": 67.532,
    "ALPHA": 90.0,
    "BAVER": 68.74,
    "BAXIS": 91.275,
    "BBEST": "1.00",
    "BETA": 90.0,
    "BLTBEST": "0.01",
    "BREFTYPE": "ISOT",
    "BWILS": 86.65,
    "CAXIS": 250.715,
    "CCFFIN": 0.928,
    "CCFOLD": 0.873,
    "CCWFIN": 0.952,
    "CCWOLD": 0.901,
    "COMMENT": null,
    "COMPLETED": 91.0,
    "DATARESH": 2.8,
    "DATARESL": 45.53,
    "DOTLS": true,
    "DYEAR": 2006,
    "EXPTYP": "X-ray",
    "FALSETWIN": false,
    "FARMSZ": 0.701,
    "FBCONF": -1.166,
    "FBRMSZ": 0.418,
    "FBUMPS": 36,
    "FCHI12": -5.788,
    "FGFOLD": null,
    "FHBSAT": 0.877,
    "FHBUNS": 39,
    "FHRMSZ": 2.18,
    "FWBMPS": 0.011,
    "FZPAK1": -1.035,
    "FZPAK2": -1.147,
    "FZRAMA": -4.091,
    "GAMMA": 90.0,
    "HBFLIP": 10,
    "IONPROBE": 0.9,
    "ISTWIN": false,
    "LEGACY": false,
    "NARMSZ": 0.705,
    "NBBFLIP": 7,
    "NBCONF": -1.168,
    "NBRMSZ": 0.434,
    "NBUMPS": 26,
    "NCHI12": -6.06,
    "NCHIRFX": 0,
    "NDROTA": 111,
    "NGFOLD": null,
    "NHBSAT": 0.869,
    "NHBUNS": 44,
    "NHRMSZ": 8.06,
    "NLOOPS": 0,
    "NMETALREST2": 0,
    "NOPDB": false,
    "NOSF": false,
    "NREFCNT": 17838,
    "NSCBLT": 4,
    "NTLS": 2,
    "NTSTCNT": 913,
    "NWATDEL": 5,
    "NWBMPS": 0.013,
    "NZPAK1": -0.996,
    "NZPAK2": -1.212,
    "NZRAMA": -4.135,
    "OARMSZ": 0.681,
    "OBCONF": -1.282,
    "OBRMSZ": 0.422,
    "OBUMPS": 92,
    "OCHI12": -7.023,
    "OGFOLD": null,
    "OHBSAT": 0.876,
    "OHBUNS": 41,
    "OHRMSZ": 9.0,
    "OPTTLSG": "2j0j",
    "ORITLS": true,
    "OWBMPS": 0.064,
    "OZPAK1": -1.287,
    "OZPAK2": -1.648,
    "OZRAMA": -5.208,
    "PDBID": "2j0j",
    "PROG": "REFMAC_5.2.0019",
    "RCAL": 0.2706,
    "REFPATM": 3.4,
    "RESOLUTION": 2.8,
    "RESOTYPE": 2,
    "RFACT": 0.217,
    "RFCAL": 0.3144,
    "RFCALUNB": 0.3247,
    "RFCALZ": 0.99,
    "RFFIN": 0.2449,
    "RFFINUNB": 0.2264,
    "RFFINZ": -2.28,
    "RFIN": 0.1887,
    "RFREE": 0.274,
    "RFRRAT": 1.2,
    "RFTLS": 0.2468,
    "RFTLSUNB": 0.2308,
    "RFTLSZ": -1.95,
    "RSCCB": 157,
    "RSCCW": 1,
    "RSHRINK": 0.9,
    "RSRB": 80,
    "RSRW": 2,
    "RTLS": 0.1923,
    "SIGRFCAL": 0.0104,
    "SIGRFFIN": 0.0081,
    "SIGRFTLS": 0.0082,
    "SOLVD": 54.68,
    "SOLVENT": "SIMP",
    "SPACEGROUP": "C 2 2 21",
    "STFLIP": null,
    "TFCHI12": 10,
    "TFHBSAT": 26,
    "TFWBMPS": 56,
    "TFZPAK1": 15,
    "TFZPAK2": 47,
    "TFZRAMA": 9,
    "TIME": "2019-10-23",
    "TLSBEST": "0.01",
    "TOCHI12": 4,
    "TOHBSAT": 25,
    "TOWBMPS": 15,
    "TOZPAK1": 9,
    "TOZPAK2": 26,
    "TOZRAMA": 4,
    "TSTCNT": 913,
    "TSTPRC": 5.1,
    "URESO": 2.8,
    "USIGMA": true,
    "VDWPROBE": 1.1,
    "VERSION": 7.29,
    "WAVELENGTH": 0.9795,
    "ZCALERR": false,
    "ZCCF": 6.36,
    "ZCCW": 34.51
}